depth;Ed_380;Ed_443;Ed_490;Ed_555;RamsesPAR;JTan_PAR;JTan_e;JPitarch_PAR;JPitarch_e;mean_PAR;mean_uncertainty
-0.1;0.523366189;1.058059758;1.116257853;1.052666626;1301.346228;1375.3211224033437;9.179615244128028;;;1375.3211224033437;9.179615244128028
0.0;0.523366189;1.058059758;1.116257853;1.052666626;1301.346228;1355.5056051183428;9.171325920621735;-0.0;;677.7528025591714;
0.3;0.523366189;1.058059758;1.116257853;1.052666626;1301.346228;1299.6563140005474;12.693556543641703;1274.8202152070082;37.8453244782254;1287.2382646037777;25.269440510933553
0.5;0.611305775;1.2235812;1.278554844;1.171022206;1396.03068;1432.8383449497812;16.509312547191104;1416.241999893639;34.65173623715109;1424.5401724217102;25.5805243921711
0.899999976;0.403598597;0.735067464;0.733817665;0.639525994;774.626195;774.6130823444197;5.5457684714153554;764.3395239359817;19.46355284943923;769.4763031402007;12.504660660427291
1.200000048;0.806506846;1.646262777;1.71304651;1.537848047;1793.37581;1753.9284395857362;21.03335845442331;1786.0849608241897;43.00296541646814;1770.006700204963;32.018161935445725
1.399999976;0.61026159;1.265847186;1.349220983;1.231877406;1392.427996;1358.862151874457;21.115122622766943;1350.6390665105337;32.75825314538064;1354.7506091924952;26.93668788407379
1.799999952;0.54123197;1.100167465;1.157384258;1.033467273;1152.249892;1115.5689002747934;18.719467271280266;1125.2721287400834;20.242862845033468;1120.4205145074384;19.48116505815687
2.0;0.726050981;1.518634771;1.599841727;1.412732485;1558.303634;1505.4311761763424;21.390175096158316;1527.4154316044514;33.814259185707094;1516.423303890397;27.602217140932705
2.5;0.294220078;0.473281917;0.439053084;0.334545375;392.6250185;389.0439874287122;4.726488354417018;387.13744875860766;7.770939382477219;388.0907180936599;6.248713868447119
2.799999952;0.503867638;1.009343473;1.050263044;0.878351501;918.0224846;913.6321529906977;17.41078694172384;920.8706291894584;18.010230953908994;917.2513910900781;17.710508947816415
3.299999952;0.31641022;0.560317598;0.549621852;0.433300865;477.3696099;463.6431085817471;4.7039853514729435;464.73440491642714;8.721073159780127;464.18875674908713;6.712529255626535
3.5;0.298505693;0.513492214;0.49139615;0.368118149;408.3915153;404.74590192883556;4.235502426919843;405.081571768373;7.6311419796527264;404.9137368486043;5.933322203286284
3.900000095;0.534232981;1.080426584;1.119832536;0.902350655;924.3904078;906.1169186724485;16.389184872255285;919.4866834580225;18.007248099675476;912.8018010652355;17.198216485965382
4.199999809;0.454452679;0.900133176;0.923920757;0.73181504;753.277729;736.1195236793428;7.685314896478956;743.5043267877189;16.04136622822021;739.8119252335309;11.863340562349583
4.599999905;0.515389033;1.016049875;1.030637105;0.788558965;811.2257946;799.3221429364153;14.515683437481213;809.4387728380107;18.12953941187641;804.380457887213;16.32261142467881
4.900000095;0.696477541;1.496903075;1.578811074;1.238028721;1227.764669;1204.7987260988766;13.759682295565582;1232.2896489654524;27.98088552469094;1218.5441875321644;20.87028391012826
5.5;0.405872259;0.816747974;0.838391757;0.629440573;637.9969302;624.856379839571;5.107738253688788;631.9707822933254;14.59187385347181;628.4135810664482;9.849806053580298
5.800000191;0.463917044;0.945078376;0.973940872;0.717553118;720.0787418;712.8978582754695;11.697432202150665;721.0680210609848;16.873275544186136;716.9829396682271;14.2853538731684
6.300000191;0.506094456;1.039270104;1.068288233;0.770528591;774.7078362;766.6208963662698;10.579382397170878;775.9717403031377;17.21199705495735;771.2963183347038;13.895689726064115
6.699999809;0.507574063;1.061516595;1.097841363;0.784181526;785.2577338;776.1183279790723;9.689481427809614;785.8316671547001;16.129755632956268;780.9749975668863;12.909618530382941
7.199999809;0.484799175;1.008928248;1.039568726;0.740476324;744.4487657;729.1948005713406;8.707385190860293;739.8300821829691;15.065077167230665;734.5124413771548;11.88623117904548
7.599999905;0.50412247;1.074775217;1.114641143;0.76898146;771.9160386;764.1589850877139;8.078004472041645;774.4759189563161;15.746024895729557;769.317452022015;11.912014683885602
8.100000381;0.408631621;0.840646982;0.86162977;0.584756213;594.9202841;586.9122067200336;7.322267826443214;592.7289164367965;12.233277039619255;589.820561578415;9.777772433031235
8.5;0.557958411;1.213996223;1.260964898;0.829228956;841.8019761;837.5846785647553;6.823137761629943;847.7837103224696;17.681415250774272;842.6841944436125;12.252276506202108
9.0;0.513434652;1.107523109;1.147254568;0.753456254;766.7781955;759.0051528653856;6.193121976891686;768.9102530954981;16.136825034729764;763.9577029804418;11.164973505810725
9.399999619;0.422271523;0.880900078;0.897344343;0.561289935;589.0284925;585.8003973697957;5.7945191216494285;589.160451127794;12.423010082579735;587.4804242487949;9.108764602114581
10.0;0.351459464;0.678691853;0.662897274;0.38435666;429.6669138;428.6637137613239;2.622906889105949;427.3309523998081;9.05678371116808;427.997333080566;5.839845300137014
10.60000038;0.424138978;0.890997687;0.90827292;0.561543746;591.5912314;584.8165917406025;4.759902923953574;590.3306897163592;12.568453260707535;587.5736407284808;8.664178092330555
11.0;0.393633306;0.826879735;0.837788967;0.487810124;530.6711925;528.5641415698192;4.461415568669588;529.9648054702727;11.19823240539467;529.264473520046;7.829823987032129
11.5;0.399434165;0.842780035;0.854608757;0.501530426;543.1478588;538.7170035385515;4.196713451692399;542.1179868210631;11.336588239112931;540.4174951798072;7.7666508454026655
11.89999962;0.472271622;1.049383386;1.081650363;0.612426582;668.9133012;666.5058061478162;3.9877222842628703;669.3245124431802;13.884207438933359;667.9151592954981;8.935964861598114
12.5;0.38827057;0.817347344;0.822550684;0.456722803;511.9706169;508.62549326948624;3.635159365974949;510.47459477710754;9.92923502820007;509.5500440232969;6.782197197087509
12.89999962;0.436736482;0.97403726;1.004654686;0.560188472;616.7971268;613.1478953291848;3.3977750888911125;617.3632218668089;11.472536332810973;615.2555585979969;7.435155710851043
13.30000019;0.443959461;1.001347988;1.036508284;0.575588409;634.0582258;629.5784702292639;3.2238636950262296;634.8592097242206;11.263519169828069;632.2188399767422;7.243691432427149
13.80000019;0.404503018;0.897304043;0.922591798;0.50479688;563.2210116;558.8260367589811;3.033305552808372;563.4935370878264;9.699697461236116;561.1597869234038;6.366501507022244
14.30000019;0.385241919;0.855282659;0.875928045;0.464635439;529.077369;525.6403524496845;2.9271378765455003;529.0024660857323;8.891463583278785;527.3214092677084;5.909300729912143
14.80000019;0.415470506;0.940963969;0.967690544;0.494559742;574.7504424;572.1484031192925;2.8758119680891236;574.3421639844005;9.428629744555275;573.2452835518466;6.1522208563222
15.19999981;0.331096416;0.700578094;0.694849243;0.332243038;411.7963803;410.49695481274176;2.7922503593028716;408.9802150973249;6.510472438366905;409.73858495503333;4.651361398834888
15.80000019;0.459535052;1.073859474;1.111514969;0.550861005;650.2152688;647.1345011739819;2.6203607795237778;650.5891217930125;9.652988738752358;648.8618114834971;6.136674759138067
16.20000076;0.348518687;0.752339307;0.749685524;0.34787258;438.6167138;437.07744762443946;2.503305700081417;436.1071465286259;6.166071588482141;436.59229707653265;4.334688644281779
16.79999924;0.374694035;0.844301622;0.857280213;0.405140423;499.0064461;496.47828787770084;2.336966251274538;498.12930479377246;6.5369325078344485;497.30379633573665;4.436949379554493
17.20000076;0.340160427;0.751797816;0.755763604;0.346998309;438.3967203;436.3802545465698;2.2479555787898957;436.9078489075505;5.418960490566302;436.6440517270602;3.833458034678099
17.79999924;0.339981168;0.759750602;0.762970839;0.335008718;436.6772262;435.15899388224864;2.1573619476724035;434.37960036037333;4.925335472921645;434.76929712131096;3.5413487102970245
18.20000076;0.326576127;0.727110818;0.729676996;0.320965839;418.049605;416.2887258267707;2.094145183090785;416.38934080236845;4.434153678798919;416.3390333145696;3.264149430944852
18.79999924;0.309831013;0.681298993;0.676287278;0.281726885;383.8424664;382.59145152647477;1.9900695925931786;381.0197576729029;3.673941263718054;381.8056045996889;2.8320054281556164
19.20000076;0.333858745;0.757869475;0.765845076;0.332717471;435.4413971;433.20939662133657;1.9428872857177744;434.5118764742853;4.097404279684809;433.86063654781094;3.0201457827012916
19.60000038;0.344858368;0.786466484;0.789447347;0.322032845;442.4023171;440.92824682581914;1.91745278589344;439.4443941503597;4.127975276336674;440.18632048808945;3.022714031115057
20.20000076;0.32615495;0.751844696;0.758349217;0.309493167;423.8925692;422.1385875938763;1.864916844317039;421.78311247837536;3.9396954254029795;421.96085003612586;2.902306134860009
21.39999962;0.285831567;0.647342668;0.643605125;0.246218692;356.6576214;355.2442217406717;1.7137271172139015;353.84553998423155;3.286132011750107;354.54488086245163;2.499929564482004
22.5;0.317932082;0.752968694;0.759047448;0.278059667;412.5464306;411.189011665014;1.6393165455017034;408.86415342714906;3.877178103302943;410.0265825460815;2.758247324402323
23.10000038;0.314675947;0.752457556;0.761885572;0.283191152;414.489041;412.7174951008403;1.6086490669004951;411.9795119790938;3.9490929597804145;412.34850353996706;2.7788710133404546
24.0;0.276023219;0.642808001;0.639462217;0.221154491;345.5327166;344.31951651574417;1.5685738756619054;341.9938220757771;3.358674053846314;343.1566692957606;2.4636239647541096
25.39999962;0.260450385;0.608446127;0.602093683;0.194757214;321.4107652;320.4747512353648;1.4349820169432914;317.67696068767697;3.3837327733487554;319.0758559615209;2.4093573951460234
26.0;0.264946141;0.631568114;0.628330226;0.198323746;332.5642418;331.59008047025105;1.3986562247271759;328.5402863132046;3.611822548084498;330.0651833917278;2.5052393864058367
27.20000076;0.251652534;0.600607018;0.593683425;0.17432136;310.781536;309.99730912513473;1.4004562113959538;306.1817801848629;3.633780827406665;308.0895446549988;2.5171185194013095
28.20000076;0.224271891;0.526775515;0.514862057;0.1450171;269.1113493;268.4796473947189;1.314890394199963;265.06838433796185;3.399600291518632;266.7740158663404;2.357245342859297
28.89999962;0.233118738;0.564882388;0.560381273;0.159715795;290.926428;290.08213542984663;1.2421226630709337;287.23790019486586;3.870675646228045;288.6600178123563;2.5563991546494895
30.10000038;0.235199222;0.582543036;0.579623001;0.158233841;297.8167787;296.9344828968703;1.2299694087805486;293.8457032099649;4.252117055319834;295.39009305341756;2.7410432320501914
31.39999962;0.221833991;0.552081543;0.547838508;0.141316709;278.984097;278.2774522096631;1.1813254085789533;275.1343762864981;4.057833422821892;276.7059142480806;2.6195794157004224
32.0;0.22357556;0.569424896;0.568422552;0.142130771;286.8005474;286.0992560999379;1.1736354358465477;282.61574429140273;4.203340331815719;284.35750019567035;2.688487883831133
33.20000076;0.204415527;0.51386463;0.506599064;0.117425759;254.2739641;253.80408150501444;1.0995908814989452;250.1722265098497;3.781355337500425;251.98815400743206;2.440473109499685
34.29999924;0.197531665;0.507219455;0.502540536;0.112270485;249.897665;249.46391126603993;1.0731576413797952;245.95760164421452;3.8184843062340494;247.71075645512724;2.4458209738069225
34.90000153;0.18178151;0.458294581;0.450033323;0.099556117;224.6550587;224.26134532546553;1.0552310517678476;221.3631679141766;3.50008582640648;222.81225661982108;2.2776584390871637
36.0;0.175910818;0.445705467;0.435240753;0.088735878;215.3471031;215.06231642510292;1.0029891539783005;211.6404476096289;3.4548741511968064;213.3513820173659;2.2289316525875535
37.20000076;0.177499545;0.470867624;0.468117609;0.094796991;228.6642822;228.29469291044586;0.944640612297829;225.20925349290178;3.798392596615265;226.75197320167382;2.3715166044565468
38.09999847;0.171270481;0.450376234;0.442698107;0.083281366;215.5132847;215.2510298583859;0.9615932629263054;211.76850121875611;3.612759743948416;213.509765538571;2.287176503437361
39.40000153;0.163793616;0.439047767;0.434282217;0.080379652;210.0669951;209.73705247853368;0.9295866416201057;206.64381500921908;3.495045483911872;208.19043374387638;2.212316062765989
40.5;0.161900312;0.450160693;0.449785288;0.079174486;214.6354247;214.33375954539682;0.8873440171113334;211.0240032202732;3.543745252377049;212.67888138283502;2.215544634744191
41.40000153;0.150424668;0.411909117;0.407132149;0.068989386;194.6605052;194.35855200570543;0.8726478715286929;191.33937267564772;3.194808285792655;192.84896234067656;2.033728078660674
42.59999847;0.147335417;0.419008581;0.419067981;0.067966781;197.6583609;197.42825236174792;0.8434794030460766;194.33098218418272;3.2249249258729185;195.87961727296533;2.0342021644594976
43.90000153;0.131415958;0.363095104;0.356246498;0.053479979;168.5673489;168.4162148632421;0.828160890514948;165.46603501001923;2.7426704078452055;166.94112493663067;1.7854156491800768
44.59999847;0.124724229;0.34300978;0.334686023;0.048595932;158.3093275;158.18575360141506;0.8143365886526346;155.34248049314186;2.5732672026590455;156.76411704727846;1.69380189565584
45.90000153;0.118352671;0.333508624;0.326916727;0.044518096;153.0099704;152.9591928876055;0.7603819491003255;150.11845302430493;2.4839206792623916;151.5388229559552;1.6221513141813586
47.20000076;0.11502521;0.333092622;0.328924783;0.043622551;152.6689087;152.61660729104406;0.7806427169259683;149.89185381524007;2.4774440205616326;151.25423055314207;1.6290433687438004
47.79999924;0.114280689;0.333539234;0.329596086;0.042187917;152.3562443;152.31934733720925;0.7591149148238624;149.50112619804185;2.4559848193946787;150.91023676762555;1.6075498671092705
49.09999847;0.113639659;0.351856622;0.355307343;0.044457937;161.4156468;161.40416275992595;0.7527141615661823;158.53553326092901;2.5381165114399358;159.96984801042748;1.645415336503059
50.20000076;0.097607253;0.288524173;0.283119563;0.03195007;129.7681264;129.82903302904822;0.7364021255117764;127.31901298312782;1.9943937843402932;128.57402300608803;1.3653979549260349
51.09999847;0.100253238;0.305169759;0.304520975;0.035699947;138.5602626;138.50809588471944;0.7607557574630945;136.01345013600124;2.0929295328952424;137.26077301036034;1.4268426451791685
52.40000153;0.095571625;0.296606202;0.296977477;0.033175919;134.1370147;134.12675109744382;0.760525436190623;131.72661006227446;1.9754019212173881;132.92668057985912;1.3679636787040055
53.5;0.087442883;0.270908787;0.268965064;0.027385206;121.1051534;121.20080745313992;0.6927677384068457;118.94458071234627;1.7449266098506584;120.07269408274308;1.218847174128752
54.29999924;0.087456645;0.279545235;0.280588551;0.027908627;125.1617307;125.2395582112362;0.6572163605784359;122.92716299301927;1.773716109954658;124.08336060212773;1.2154662352665468
55.59999847;0.080400989;0.256036192;0.255591948;0.024022297;113.8885894;113.9762727522503;0.6335993657162909;111.81799206616638;1.570452396371651;112.89713240920834;1.102025881043971
56.90000153;0.076537016;0.246818046;0.247052403;0.022390539;109.5336467;109.63417609035181;0.6206867315623532;107.55124984836536;1.4701524896681293;108.59271296935859;1.0454196106152414
57.59999847;0.072438857;0.235161792;0.23514139;0.020364313;103.9296367;104.06168516886738;0.608853702965183;102.08705020052214;1.3751861267082408;103.07436768469476;0.9920199148367119
58.70000076;0.069476552;0.232161584;0.23430485;0.019306589;102.5199148;102.67847283335523;0.5910472207508174;100.77091596331891;1.3264937263614713;101.72469439833708;0.9587704735561444
60.20000076;0.06533839;0.221053836;0.223748997;0.017790836;97.43505693;97.58609387606607;0.5713747425616311;95.7774458105815;1.237839124010739;96.68176984332379;0.904606933286185
60.79999924;0.061674465;0.206031256;0.206997544;0.016051663;90.45256917;90.56913149615593;0.562622156102783;88.85370893099513;1.1569825991101974;89.71142021357554;0.8598023776064903
62.09999847;0.061712628;0.21791232;0.223504278;0.016493819;95.92634128;96.11494998511006;0.5440361297264104;94.36014348628302;1.2482262228793466;95.23754673569654;0.8961311763028785
63.20000076;0.055190849;0.191309352;0.193858565;0.013582856;83.60901482;83.74903822951823;0.5269888676922787;82.18615874586615;1.1013119152704955;82.96759848769219;0.8141503914813871
64.0;0.055910784;0.19641158;0.200642154;0.014279563;86.17128373;86.27935705923126;0.5156765780986041;84.64974000342579;1.1447484009322386;85.46454853132852;0.8302124895154214
65.30000305;0.0522547;0.186238406;0.190883832;0.012915625;81.52935468;81.6400313889078;0.4982491624664588;80.10470866523019;1.0990538390661513;80.872370027069;0.7986515007663051
66.40000153;0.04907231;0.176070872;0.180509921;0.011591299;76.82429984;76.95850170133764;0.48827151143286857;75.51293875091456;1.0484029255313085;76.23572022612609;0.7683372184820886
67.0;0.047380495;0.173651094;0.178901501;0.010910816;75.60940918;75.7966573128661;0.4829423040569193;74.43114183921602;1.039938205254463;75.11389957604106;0.7614402546556911
68.30000305;0.043826684;0.159476896;0.163273157;0.009475872;69.11233679;69.27169193714307;0.4721474492616843;67.99928901328607;0.965306933159447;68.63549047521457;0.7187271912105657
69.59999847;0.041947061;0.155878348;0.160938953;0.009007318;67.60607775;67.77038146874966;0.4618788607979695;66.54528432534177;0.9594983468771752;67.15783289704572;0.7106886038375724
70.59999847;0.03988847;0.151099716;0.157327844;0.008696966;65.68239332;65.82615588004077;0.45333499083141593;64.64651259623906;0.9430223992639054;65.23633423813992;0.6981786950476607
71.5;0.03663822;0.136145885;0.139901742;0.007167823;58.6997017;58.83681611524965;0.4451306292220302;57.7754582809352;0.8514434225339482;58.30613719809242;0.6482870258779893
72.69999695;0.035776914;0.136447948;0.141787238;0.007134599;58.97532955;59.1210340961131;0.434665619826735;58.08240550504221;0.8673948861110203;58.601719800577655;0.6510302529688776
73.69999695;0.034540214;0.135159152;0.142045595;0.007007314;58.58604938;58.72624782322028;0.42614484091201965;57.72425952133076;0.8713686760260596;58.225253672275514;0.6487567584690397
74.5;0.032798443;0.128506058;0.134753797;0.00631858;55.51890899;55.666200569665044;0.41931521894009754;54.734460203313695;0.8332222255288694;55.20033038648937;0.6262687222344835
75.80000305;0.031222156;0.123037414;0.129209988;0.00583769;53.09827896;53.236103670525196;0.40954148184702405;52.345865802116045;0.8030466312892565;52.790984736320624;0.6062940565681403
76.80000305;0.028924373;0.114145625;0.119780117;0.005186791;49.17099179;49.29302778501855;0.4025461891451945;48.46850301130116;0.742917795927685;48.88076539815985;0.5727319925364398
77.59999847;0.028540728;0.1143164;0.120790617;0.005137094;49.32098636;49.448671242795164;0.39720327827179736;48.641033040538126;0.7450500649108531;49.044852141666645;0.5711266715913252
78.80000305;0.027340366;0.11124013;0.118252639;0.00486794;48.02781987;48.15151157809156;0.38935104458636705;47.383668050602594;0.7250516598540253;47.767589814347076;0.5572013522201962
79.90000153;0.025493641;0.104111451;0.110621478;0.004337214;44.84412513;44.97253834108837;0.3820191666718351;44.26455761621877;0.6767002986390083;44.61854797865357;0.5293597326554217
80.5;0.024582376;0.100255753;0.106442109;0.004080394;43.15487014;43.26262075060612;0.37748823198432313;42.57809240250385;0.6505945214360419;42.92035657655498;0.5140413767101826
81.40000153;0.023641565;0.097306322;0.103515651;0.003846495;41.86511917;41.95923995491452;0.37052529489428687;41.31091693453509;0.6307652794532574;41.63507844472481;0.5006452871737721
82.5;0.022830835;0.095684048;0.102414297;0.003661888;41.17876154;41.27776928722856;0.36217671591758943;40.67454434873373;0.6204938307768121;40.97615681798115;0.49133527334720073
83.09999847;0.02195613;0.091898219;0.098247603;0.003424276;39.50525162;39.59398681005334;0.35770522072932504;39.0145384713051;0.5948829830611153;39.30426264067922;0.47629410189522015
83.90000153;0.020891255;0.087208181;0.093106836;0.00317322;37.45916456;37.52666699810664;0.3518021308111433;36.96551800340995;0.5632801608336274;37.246092500758294;0.45754114582238536
84.80000305;0.020452364;0.086915783;0.093460001;0.003096354;37.37240131;37.4504754931395;0.3451536937868888;36.92234332309787;0.5650388506638127;37.186409408118685;0.45509627222535076
85.5;0.019816224;0.085066713;0.091692958;0.002934817;36.56284068;36.63592516537825;0.3402563661189567;36.144453305986374;0.5588098386316915;36.390189235682314;0.4495331023753241
86.5;0.019073592;0.083111299;0.090008197;0.002745431;35.70892468;35.79273077363237;0.3334061340561091;35.349942406602345;0.5543775088505843;35.571336590117355;0.4438918214533467
87.30000305;0.018134649;0.079055217;0.085745742;0.002609631;33.99506121;34.06159695704386;0.32788481241791173;33.61846250489289;0.5331349006051271;33.840029730968375;0.4305098565115194
87.90000153;0.017851846;0.078173298;0.084962532;0.002562892;33.6367016;33.69356795135328;0.3238295013886725;33.25777159988262;0.5317658332441486;33.47566977561795;0.42779766731641056
88.90000153;0.017111089;0.075647844;0.082510549;0.002399147;32.55202379;32.60789474639159;0.3171224366038081;32.20229361353032;0.5218474696964526;32.405094179960955;0.41948495315013035
89.90000153;0.016242189;0.072153999;0.078717665;0.002179564;31.00162027;31.057412782967294;0.31040239717428725;30.684953878726805;0.5038144345682036;30.87118333084705;0.40710841587124547
90.40000153;0.015841621;0.070420327;0.076853083;0.002105337;30.26439396;30.30501952182315;0.306612869662642;29.93719969619598;0.4947085392108126;30.121109609009565;0.4006607044367273
91.19999695;0.01531954;0.068759553;0.075386708;0.002026694;29.57990225;29.62069505032561;0.3003710190464669;29.268262704912452;0.488579830081596;29.444478877619034;0.39447542456403145
92.19999695;0.014196719;0.063485867;0.069378065;0.001762484;27.247252;27.27711992595987;0.2925652329039623;26.94926614167757;0.4554817863485185;27.113193033818717;0.3740235096262404
93.0;0.013929384;0.063447824;0.069998017;0.001783346;27.31916866;27.34880050709712;0.28643862516850177;27.02871239915903;0.46128468000791367;27.188756453128075;0.3738616525882077
94.09999847;0.013011981;0.059628645;0.065896337;0.001601141;25.66283748;25.685250466198664;0.2780454732443951;25.387145367376526;0.4389706564404591;25.536197916787593;0.3585080648424271
95.0;0.01214971;0.057081098;0.063650117;0.001472397;24.5936847;24.629625482712164;0.2711332401791966;24.366889580061866;0.4261237862656278;24.498257531387015;0.3486285132224122
95.69999695;0.011953398;0.055356124;0.061601999;0.001456576;23.88226731;23.889512722427288;0.2679992525035376;23.608562576857516;0.4173269145496637;23.749037649642403;0.3426630835266007
96.80000305;0.011314713;0.053466458;0.060020927;0.001387128;23.1206973;23.12751364819121;0.26297202646855805;22.871362496923304;0.4110287829460929;22.999438072557258;0.3370004047073255
97.69999695;0.010475968;0.049776592;0.055972319;0.001232146;21.51421639;21.519992438284252;0.25883542531852766;21.28533808034579;0.38760005183041074;21.40266525931502;0.3232177385744692
98.19999695;0.01006491;0.04840638;0.054615916;0.001155975;20.9209304;20.93049945220441;0.25656160185817706;20.71703098832583;0.3799754889512943;20.82376522026512;0.3182685454047357
99.5;0.009475933;0.046405843;0.052731651;0.001087151;20.08408605;20.09729885957953;0.25075113626313117;19.903056824503953;0.3717888674344982;20.000177842041744;0.3112700018488147
100.6999969;0.008817119;0.043691892;0.049870256;0.001003461;18.93288283;18.935615048815563;0.24537045630309745;18.75306009845334;0.3560980336044394;18.84433757363445;0.30073424495376844
102.5;0.008056061;0.041106979;0.047460354;0.000915588;17.86259978;17.861077049189447;0.2372133676081326;17.70561852129677;0.34428889411461194;17.78334778524311;0.2907511308613723
104.0;0.007263128;0.037590898;0.043554125;0.000802088;16.33523182;16.32833679913995;0.2303372760041754;16.18475734633264;0.3207724017287187;16.256547072736296;0.27555483886644705
105.5999985;0.006641149;0.034749837;0.040360948;0.000700866;15.09574514;15.082960089561295;0.22303485610652674;14.952311947637739;0.3022265274160562;15.017636018599518;0.2626306917612915
107.0999985;0.006044361;0.033044585;0.038944181;0.000640745;14.3950324;14.392858363338021;0.21623465496278288;14.284266460716863;0.28861403900719385;14.338562412027443;0.2524243469849884
108.6999969;0.005593058;0.031176617;0.037009463;0.000591304;13.60750243;13.60191436029406;0.20900876785500982;13.502357602521872;0.26740297559582327;13.552135981407966;0.23820587172541655
110.1999969;0.005104914;0.029265042;0.035014816;0.00053794;12.78702248;12.785938898087092;0.20239003427558433;12.695207099070332;0.24671465079054639;12.740572998578713;0.22455234253306536
111.5999985;0.004690151;0.027527829;0.033078889;0.000480902;12.02036585;12.023841995055209;0.19722319605516653;11.941366718333143;0.22798959391321308;11.982604356694175;0.21260639498418982
113.0;0.004288534;0.025844092;0.031241664;0.000436371;11.29257474;11.295197649291328;0.1920419229709007;11.217529241484357;0.21038936910376133;11.256363445387843;0.201215646037331
114.3000031;0.004024423;0.02482457;0.030195253;0.000412821;10.85802512;10.862254227578712;0.18723755237920414;10.789164868464493;0.19901899344829607;10.825709548021603;0.19312827291375012
115.6999969;0.003755537;0.024124453;0.029691585;0.000398202;10.57635763;10.589281389667576;0.18207475003039095;10.523220941962554;0.19065019933655156;10.556251165815066;0.18636247468347125
117.0999985;0.003352067;0.021817459;0.026795949;0.000340636;9.53775451;9.551497740158869;0.17691390387169165;9.478648736439263;0.16864370885787375;9.515073238299067;0.1727788063647827
118.5;0.003127025;0.021076163;0.026027935;0.000322539;9.211255927;9.231025029154821;0.17177237545981405;9.159521592824026;0.16002309173655732;9.195273310989425;0.1658977335981857
119.5999985;0.002894042;0.020032909;0.024822111;0.000296055;8.747332592;8.771710877021153;0.16773135982301474;8.699039691331562;0.15007552108471822;8.735375284176357;0.15890344045386648
120.6999969;0.00270595;0.019400673;0.024213796;0.000277876;8.475385084;8.505756595813489;0.1641230182318443;8.435891389170747;0.14450928556943815;8.470823992492118;0.15431615190064124
121.8000031;0.002527842;0.018461962;0.023092357;0.000257885;8.059480913;8.091170490086109;0.1607581305054341;8.020716751002125;0.13643017404415997;8.055943620544117;0.14859415227479705
122.9000015;0.002346034;0.017621737;0.022128851;0.00023679;7.687169403;7.722691673601365;0.15739455435232716;7.6519319054925585;0.12924296236146396;7.687311789546962;0.14331875835689556
124.0999985;0.002199464;0.016784495;0.02109375;0.00021956;7.313698152;7.34888539879198;0.1537285122581093;7.2772953496961605;0.12197552626575027;7.31309037424407;0.13785201926192978
125.1999969;0.002067231;0.016221719;0.020516293;0.000209688;7.074592393;7.113063944659197;0.15037258630889722;7.041970616045618;0.11720534585099665;7.077517280352407;0.13378896607994695
126.3000031;0.00189506;0.015138534;0.019131469;0.000187201;6.590098314;6.626397223905888;0.1470158442043677;6.550893329937251;0.10827037120589937;6.58864527692157;0.12764310770513354
127.0999985;0.001822355;0.014837595;0.018856994;0.000185502;6.46744405;6.506897644173984;0.14457849960550723;6.43214107356591;0.10576794203377486;6.469519358869947;0.12517322081964105
127.9000015;0.001720734;0.014258854;0.018168053;0.00017512;6.213604353;6.2545377312440325;0.14213860219529925;6.1780691780849315;0.10107489559626556;6.216303454664482;0.12160674889578241
128.8000031;0.001626005;0.013634535;0.017390068;0.000165998;5.939655223;5.979286036655903;0.1393919449004239;5.901339590118191;0.09599758001601859;5.940312813387047;0.11769476245822125
129.6999969;0.001522755;0.013021537;0.016670034;0.000154931;5.672314127;5.714152140859698;0.13664278851941658;5.63500705875343;0.09114366312947747;5.674579599806564;0.11389322582444703
130.6000061;0.001411385;0.012400346;0.015937366;0.00014318;5.401733562;5.443919745137725;0.1342388494175634;5.362609442007133;0.08624492360374862;5.403264593572429;0.110241886510656
131.6999969;0.001348513;0.012138351;0.015735415;0.000139975;5.300409684;5.344645177396845;0.13151455021004227;5.265597637184749;0.08409778293262841;5.305121407290796;0.10780616657133535
133.0;0.001208199;0.011168602;0.014530657;0.000123874;4.876145757;4.918232544977231;0.12828865389877206;4.837036475678299;0.0766217320768951;4.8776345103277645;0.10245519298783358
134.5;0.001097382;0.010631421;0.014029255;0.000116738;4.657995741;4.704228405600695;0.12457443955890746;4.62436531223379;0.07333132905202258;4.664296858917242;0.09895288430546502
136.1000061;0.000972549;0.009805915;0.013033548;0.000105538;4.300192204;4.346411550566478;0.12061627769155818;4.266179508113248;0.0688233743524205;4.306295529339863;0.09471982602198933
137.8999939;0.000831696;0.008742259;0.011726126;9.17e-05;3.840110849;3.885080719529165;0.11616576129335318;3.8052775944766455;0.06254942072398748;3.8451791570029052;0.08935759100867033
139.6999969;0.000732098;0.008110124;0.011032656;8.39e-05;3.575130268;3.6218272914677887;0.11171618623852239;3.54335154916679;0.05931150029589851;3.5825894203172894;0.08551384326721045
141.6000061;0.000640281;0.007504888;0.010352287;7.48e-05;3.318488568;3.366624077270696;0.10837162217405426;3.2888131477202798;0.056082939088627416;3.327718612495488;0.08222728063134084
143.1999969;0.000566416;0.006970861;0.009738175;6.78e-05;3.093327032;3.1406379013224055;0.10576663222366751;3.063984214447636;0.053048778179064;3.1023110578850206;0.07940770520136575
144.8999939;0.000501293;0.00639195;0.008996384;6.1e-05;2.840110775;2.886276310326248;0.10300032021479295;2.8117298958760673;0.04945219659465677;2.8490031031011576;0.07622625840472486
146.3999939;0.000443239;0.005916134;0.008431451;5.65e-05;2.638562019;2.6843167342014156;0.1005629097940409;2.611971830118902;0.046563797433197954;2.6481442821601586;0.07356335361361943
147.8999939;0.000393913;0.005459342;0.007841707;5.05e-05;2.439344387;2.4833756314046904;0.0981273408460998;2.4121186930543552;0.04357221434457585;2.447747162229523;0.07084977759533782
149.3000031;0.000358989;0.005140436;0.007455903;4.86e-05;2.303705005;2.347866714561843;0.09585471464193725;2.2797326455564724;0.041679766286005546;2.313799680059158;0.0687672404639714
150.6000061;0.00032642;0.004843732;0.007077427;4.46e-05;2.175438945;2.217819084695868;0.09400080820301152;2.150458730409061;0.04004253095169564;2.1841389075524646;0.06702166957735357
151.8000031;0.00029711;0.00456021;0.006712637;4.19e-05;2.051752641;2.0937347036030873;0.09256557116055449;2.0281930456111805;0.039031828312771806;2.060963874607134;0.06579869973666315
152.6000061;0.000276542;0.004376039;0.006477239;3.92e-05;1.971044854;2.0127975961125544;0.09160851931936152;1.94723022511919;0.03827867822494245;1.980013910615872;0.06494359877215199
153.8000031;0.000252687;0.004132931;0.006164571;3.64e-05;1.865725039;1.906384514616407;0.09017302167055923;1.8422447299598916;0.037349737323044294;1.8743146222881493;0.06376137949680176
155.0;0.000232912;0.003935219;0.005920872;3.5e-05;1.781087275;1.821792685479913;0.08873819968333034;1.7597620143420691;0.036753108399297005;1.7907773499109911;0.06274565404131367
156.3999939;0.00020926;0.003696224;0.00561341;3.21e-05;1.67784073;1.7172494141234629;0.0870650135860796;1.656142369595533;0.03576013133109555;1.686695891859498;0.06141257245858757
157.6000061;0.000187994;0.003461527;0.005305652;2.99e-05;1.57510735;1.614349083043092;0.06779098011110103;1.5549272353086188;0.034509349706681756;1.5846381591758554;0.05115016490889139
159.1000061;0.000170822;0.00328376;0.005089199;2.81e-05;1.499729921;1.5386658988735433;0.07714946487295098;1.4806002458584657;0.03396280108428299;1.5096330723660045;0.05555613297861699
160.6999969;0.000148735;0.003021613;0.004740427;2.53e-05;1.385292562;1.4229560347000316;0.08196639698821649;1.3667524574657426;0.03242686275494013;1.394854246082887;0.05719662987157831
162.5;0.000131818;0.002819909;0.004474201;2.31e-05;1.297485963;1.3340623978909547;0.07991459315208588;1.2795240299673452;0.031478203934096484;1.3067932139291498;0.05569639854309118
164.3999939;0.000117032;0.002622611;0.004208066;2.16e-05;1.211278612;1.2467846314977051;0.0777489110172901;1.1951210791336146;0.030494355899326163;1.22095285531566;0.05412163345830813
166.0;0.000102646;0.002422305;0.003931757;1.94e-05;1.123079333;1.1572364525689596;0.04915676346502794;1.1073417584905394;0.02909807561763517;1.1322891055297495;0.03912741954133155
167.8000031;9e-05;0.002235135;0.003667348;1.74e-05;1.040206215;1.0728118463874425;0.05915144700815303;1.0247647869004375;0.0277973645590936;1.04878831664394;0.04347440578362331
169.5;7.89e-05;0.002066435;0.003427849;1.61e-05;0.965427519;0.9967927763634029;0.0685911152721646;0.9510746439247822;0.026631798399757906;0.9739337101440926;0.047611456835961255
171.3000031;7.03e-05;0.001921372;0.003219984;1.48e-05;0.901192273;0.9310847092286022;0.06965989947247656;0.8875573566835393;0.025731225086592237;0.9093210329560708;0.04769556227953439
173.0;6.23e-05;0.001772982;0.003003608;1.37e-05;0.835090721;0.8634916676321557;0.026039964569130672;0.8228345421679865;0.024615798808060085;0.8431631049000711;0.02532788168859538
175.0;5.45e-05;0.001628685;0.002791641;1.29e-05;0.770704535;0.7976586744940966;0.03523638231739415;0.7601686984111214;0.02355936943909847;0.7789136864526089;0.02939787587824631
176.6999969;4.92e-05;0.001522317;0.00263612;1.17e-05;0.723506247;0.7491137782257908;0.04305534572133491;0.7131897661317057;0.02274906407920411;0.7311517721787483;0.03290220490026951
178.5;4.2e-05;0.001384106;0.002423634;1.05e-05;0.660598922;0.6846583762502161;0.051334924498823084;0.6508359295084322;0.021377867924826755;0.6677471528793242;0.03635639621182492
180.3000031;3.7e-05;0.001272604;0.002250376;9.55e-06;0.610012884;0.6324618918276691;0.010806116852974477;0.6008291095412401;0.02029986203418133;0.6166455006844547;0.015552989443577903
182.3000031;3.2e-05;0.001165477;0.002087261;8.99e-06;0.561748287;0.5828517430592903;0.01898463992554052;0.5538868535458229;0.019286067879408657;0.5683692983025566;0.01913535390247459
184.5;2.8e-05;0.001069371;0.001941317;8.1e-06;0.51851827;0.5383135969808195;0.027984178278938517;0.511391209300834;0.018380882288874294;0.5248524031408268;0.023182530283906405
186.3999939;2.44e-05;0.000979083;0.001799662;7.04e-06;0.477513522;0.49581865538525194;0.03575755285257522;0.4703199325180609;0.017355919886223783;0.48306929395165643;0.0265567363693995
188.3999939;2.04e-05;0.000900534;0.001677783;7.07e-06;0.441881336;0.45924979864207244;0.007877819818619252;0.43607314729693275;0.01652797183802705;0.4476614729695026;0.012202895828323151
190.3999939;1.79e-05;0.000827176;0.001562825;5.85e-06;0.408693821;0.4246815189705904;0.00903689266378837;0.40175911756802;0.013682711937956676;0.4132203182693052;0.011359802300872524
192.3999939;1.64e-05;0.000758976;0.001453317;5.96e-06;0.37745863;0.3925542871057054;0.01645212309175709;0.3725689153679535;0.01024130155798735;0.3825616012368295;0.01334671232487222
194.3999939;1.4e-05;0.000695898;0.001351501;5.28e-06;0.348508774;0.36242915873749476;0.023869110864549552;0.34300281338956995;0.007198808663328112;0.3527159860635324;0.015533959763938832
196.6999969;1.09e-05;0.000635904;0.001256336;4.44e-06;0.32056294;0.3339329137507965;0.0063809164322316874;0.3138488164061689;0.004266438903169738;0.3238908650784827;0.005323677667700713
197.3999939;1.17e-05;0.000616295;0.001224425;4.82e-06;0.312201132;0.3248910697750066;0.006258433437869818;0.30735880143278294;0.003491855942766216;0.31612493560389476;0.004875144690318018
206.1999969;5.9e-06;0.000424893;0.000899588;3.52e-06;0.222587047;0.2318464315107607;0.005810575358482389;0.2189598261503665;0.0;0.2254031288305636;0.0029052876792411944
213.8999939;3.53e-06;0.000311248;0.000702393;2.62e-06;0.169232786;0.1760394391377862;0.005816646243207824;0.1668311048505838;0.0;0.171435271994185;0.002908323121603912
221.0;2.63e-06;0.000226728;0.000545253;1.94e-06;0.128524557;0.13309987382228547;0.005817114230574564;0.12725961149190193;0.0;0.1301797426570937;0.002908557115287282
229.6000061;1.4e-06;0.000159196;0.000409816;1.44e-06;0.094179094;0.09724992081774164;0.00229504704473085;0.09345470074399122;0.0;0.09535231078086642;0.001147523522365425
239.1000061;9.3e-07;0.000108903;0.000299307;1.63e-06;0.067268113;0.06905366412829916;0.0022872774326771553;0.06792095517366524;0.0;0.06848730965098221;0.0011436387163385776
247.6000061;-3.06e-07;7.51e-05;0.000222504;9.17e-07;0.049060154;0.049789101638700525;0.002282292438458171;;;0.049789101638700525;0.002282292438458171
254.6999969;-1.75e-07;5.64e-05;0.000175509;1.06e-06;0.038164657;0.03840925932832576;0.0010205928158870607;;;0.03840925932832576;0.0010205928158870607
